<?xml version="1.0" encoding="UTF-8"?>
<assessmentItem xmlns="http://www.imsglobal.org/xsd/imsqti_v2p2" xmlns:m="http://www.w3.org/1998/Math/MathML" xmlns:xsi="http://www.w3.org/2001/XMLSchema-instance" xsi:schemaLocation="http://www.imsglobal.org/xsd/imsqti_v2p2 http://www.imsglobal.org/xsd/qti/qtiv2p2/imsqti_v2p2.xsd" identifier="languages_of_europe" title="Languages of Europe (Associate Interaction)" label="Languages of Europe (Associate Interaction)" xml:lang="en-US" adaptive="false" timeDependent="false" toolName="TAO" toolVersion="3.4.0-sprint117">
  <responseDeclaration identifier="europe_languages" cardinality="multiple" baseType="pair">
    <correctResponse>
      <value><![CDATA[dutch germanic]]></value>
      <value><![CDATA[danish germanic]]></value>
      <value><![CDATA[french romantic]]></value>
      <value><![CDATA[romantic spanish]]></value>
      <value><![CDATA[czech slavic]]></value>
      <value><![CDATA[russian slavic]]></value>
    </correctResponse>
    <mapping defaultValue="0" upperBound="6">
      <mapEntry mapKey="romantic spanish" mappedValue="1"/>
      <mapEntry mapKey="czech slavic" mappedValue="1"/>
      <mapEntry mapKey="russian slavic" mappedValue="1"/>
      <mapEntry mapKey="french romantic" mappedValue="1"/>
      <mapEntry mapKey="danish germanic" mappedValue="1"/>
      <mapEntry mapKey="dutch germanic" mappedValue="1"/>
    </mapping>
  </responseDeclaration>
  <outcomeDeclaration identifier="SCORE" cardinality="single" baseType="float" normalMaximum="6"/>
  <outcomeDeclaration identifier="MAXSCORE" cardinality="single" baseType="float">
    <defaultValue>
      <value>6</value>
    </defaultValue>
  </outcomeDeclaration>
  <stylesheet href="style/custom/tao-user-styles.css" type="text/css" media="all" title=""/>
  <itemBody>
    <div class="grid-row">
      <div class="col-12">
        <h1>Associate Interaction</h1>
        <h2>Languages of Europe</h2>
      </div>
    </div>
    <div class="grid-row">
      <div class="col-9">
        <associateInteraction responseIdentifier="europe_languages" shuffle="true" maxAssociations="6" minAssociations="0">
          <prompt>
            <p>Most European languages belong to branches of the <strong>Indo-European</strong> language family.</p>
            <p>Associate the languages and branches from the collection below - you can do this in any direction, each correct pairing equals a score of 1.</p>
          </prompt>
          <simpleAssociableChoice identifier="germanic" fixed="false" showHide="show" matchMax="0" matchMin="0">Germanic</simpleAssociableChoice>
          <simpleAssociableChoice identifier="russian" fixed="false" showHide="show" matchMax="1" matchMin="0">Russian</simpleAssociableChoice>
          <simpleAssociableChoice identifier="dutch" fixed="false" showHide="show" matchMax="1" matchMin="0">Dutch</simpleAssociableChoice>
          <simpleAssociableChoice identifier="slavic" fixed="false" showHide="show" matchMax="0" matchMin="0">Slavic</simpleAssociableChoice>
          <simpleAssociableChoice identifier="french" fixed="false" showHide="show" matchMax="1" matchMin="0">French</simpleAssociableChoice>
          <simpleAssociableChoice identifier="czech" fixed="false" showHide="show" matchMax="1" matchMin="0">Czech</simpleAssociableChoice>
          <simpleAssociableChoice identifier="spanish" fixed="false" showHide="show" matchMax="1" matchMin="0">Spanish</simpleAssociableChoice>
          <simpleAssociableChoice identifier="romantic" fixed="false" showHide="show" matchMax="0" matchMin="0">Romantic</simpleAssociableChoice>
          <simpleAssociableChoice identifier="danish" fixed="false" showHide="show" matchMax="1" matchMin="0">Danish</simpleAssociableChoice>
        </associateInteraction>
      </div>
      <div class="col-3">
        <img src="assets/green-chameleon-s9CC2SKySJM-unsplash.jpg" alt="green chameleon-s9CC2SKySJM-unsplash" width="100%" type="image/jpeg"/>
        <p>Picture: <a href="https://unsplash.com/photos/s9CC2SKySJM" target="_blank">Green Chameleon</a>, <a href="https://unsplash.com/license" target="_blank">Unsplash License</a>.</p>
      </div>
    </div>
  </itemBody>
  <responseProcessing>
    <responseCondition>
      <responseIf>
        <not>
          <isNull>
            <variable identifier="europe_languages"/>
          </isNull>
        </not>
        <setOutcomeValue identifier="SCORE">
          <sum>
            <variable identifier="SCORE"/>
            <mapResponse identifier="europe_languages"/>
          </sum>
        </setOutcomeValue>
      </responseIf>
    </responseCondition>
  </responseProcessing>
</assessmentItem>
