<?xml version="1.0" encoding="UTF-8"?>
<assessmentItem xmlns="http://www.imsglobal.org/xsd/imsqti_v2p2" xmlns:m="http://www.w3.org/1998/Math/MathML" xmlns:xsi="http://www.w3.org/2001/XMLSchema-instance" xsi:schemaLocation="http://www.imsglobal.org/xsd/imsqti_v2p2 http://www.imsglobal.org/xsd/qti/qtiv2p2/imsqti_v2p2.xsd" identifier="the_netherlands" title="The Netherlands" label="The Netherlands (Text Entry Interaction)" xml:lang="en-US" adaptive="false" timeDependent="false" toolName="TAO" toolVersion="3.4.0-sprint117">
  <responseDeclaration identifier="germany" cardinality="single" baseType="string">
    <correctResponse>
      <value><![CDATA[Germany]]></value>
    </correctResponse>
  </responseDeclaration>
  <responseDeclaration identifier="belgium" cardinality="single" baseType="string">
    <correctResponse>
      <value><![CDATA[Belgium]]></value>
    </correctResponse>
  </responseDeclaration>
  <responseDeclaration identifier="amsterdam" cardinality="single" baseType="string">
    <correctResponse>
      <value><![CDATA[Amsterdam]]></value>
    </correctResponse>
  </responseDeclaration>
  <responseDeclaration identifier="the_hague" cardinality="single" baseType="string">
    <correctResponse>
      <value><![CDATA[The Hague]]></value>
    </correctResponse>
  </responseDeclaration>
  <responseDeclaration identifier="dutch" cardinality="single" baseType="string">
    <correctResponse>
      <value><![CDATA[Dutch]]></value>
    </correctResponse>
  </responseDeclaration>
  <outcomeDeclaration identifier="SCORE" cardinality="single" baseType="float" normalMaximum="5"/>
  <outcomeDeclaration identifier="MAXSCORE" cardinality="single" baseType="float">
    <defaultValue>
      <value>5</value>
    </defaultValue>
  </outcomeDeclaration>
  <itemBody>
    <div class="grid-row">
      <div class="col-12">
        <h1>Text Entry Interaction</h1>
        <h2>The Netherlands</h2>
      </div>
    </div>
    <div class="grid-row">
      <div class="col-7">
        <p>The Netherlands is a country with a large majority of its territory in Western Europe and several territories in the Caribbean Sea. In Europe, it borders <textEntryInteraction responseIdentifier="germany" base="10" placeholderText=""/> in the east, <textEntryInteraction responseIdentifier="belgium" base="10" placeholderText=""/> in the south, and the North Sea in the northwest.</p>
        <p>The largest cities are Amsterdam, Rotterdam, The Hague, Utrecht, and Eindhoven. <textEntryInteraction responseIdentifier="amsterdam" base="10" placeholderText=""/> is the capital, the government is located in <textEntryInteraction responseIdentifier="the_hague" base="10" placeholderText=""/> though.</p>
        <p>Its official language is <textEntryInteraction responseIdentifier="dutch" base="10" placeholderText=""/> but the province of Friesland has a secondary language, West Frisian.</p>
      </div>
      <div class="col-1"/>
      <div class="col-4">
        <img src="assets/1e67f6415de7a58b69316.jpg" alt="Beautiful Colourful houses in The Netherlands" width="100%" type="image/jpeg"/>
        <p>Picture by <a href="https://skitterphoto.com/photos/843/colorful-houses">Rudy van der Veen</a>, released under <a href="https://creativecommons.org/publicdomain/zero/1.0/" target="_blank">CC0 1.0</a>.</p>
      </div>
    </div>
  </itemBody>
  <responseProcessing>
    <responseCondition>
      <responseIf>
        <match>
          <variable identifier="germany"/>
          <correct identifier="germany"/>
        </match>
        <setOutcomeValue identifier="SCORE">
          <sum>
            <variable identifier="SCORE"/>
            <baseValue baseType="integer">1</baseValue>
          </sum>
        </setOutcomeValue>
      </responseIf>
    </responseCondition>
    <responseCondition>
      <responseIf>
        <match>
          <variable identifier="belgium"/>
          <correct identifier="belgium"/>
        </match>
        <setOutcomeValue identifier="SCORE">
          <sum>
            <variable identifier="SCORE"/>
            <baseValue baseType="integer">1</baseValue>
          </sum>
        </setOutcomeValue>
      </responseIf>
    </responseCondition>
    <responseCondition>
      <responseIf>
        <match>
          <variable identifier="amsterdam"/>
          <correct identifier="amsterdam"/>
        </match>
        <setOutcomeValue identifier="SCORE">
          <sum>
            <variable identifier="SCORE"/>
            <baseValue baseType="integer">1</baseValue>
          </sum>
        </setOutcomeValue>
      </responseIf>
    </responseCondition>
    <responseCondition>
      <responseIf>
        <match>
          <variable identifier="the_hague"/>
          <correct identifier="the_hague"/>
        </match>
        <setOutcomeValue identifier="SCORE">
          <sum>
            <variable identifier="SCORE"/>
            <baseValue baseType="integer">1</baseValue>
          </sum>
        </setOutcomeValue>
      </responseIf>
    </responseCondition>
    <responseCondition>
      <responseIf>
        <match>
          <variable identifier="dutch"/>
          <correct identifier="dutch"/>
        </match>
        <setOutcomeValue identifier="SCORE">
          <sum>
            <variable identifier="SCORE"/>
            <baseValue baseType="integer">1</baseValue>
          </sum>
        </setOutcomeValue>
      </responseIf>
    </responseCondition>
  </responseProcessing>
</assessmentItem>
