<?xml version="1.0" encoding="UTF-8"?>
<assessmentItem xmlns="http://www.imsglobal.org/xsd/imsqti_v2p2" xmlns:m="http://www.w3.org/1998/Math/MathML" xmlns:xsi="http://www.w3.org/2001/XMLSchema-instance" xsi:schemaLocation="http://www.imsglobal.org/xsd/imsqti_v2p2 http://www.imsglobal.org/xsd/qti/qtiv2p2/imsqti_v2p2.xsd" identifier="hottext_typos" title="H.G. Wells: The time machine (Hottext Interaction)" label="H.G. Wells: The time machine (Hottext Interaction)" xml:lang="en-US" adaptive="false" timeDependent="false" toolName="TAO" toolVersion="3.4.0-sprint117">
  <responseDeclaration identifier="hottext_typos" cardinality="multiple" baseType="identifier">
    <correctResponse>
      <value><![CDATA[their]]></value>
      <value><![CDATA[where]]></value>
      <value><![CDATA[apears]]></value>
    </correctResponse>
  </responseDeclaration>
  <outcomeDeclaration identifier="SCORE" cardinality="single" baseType="float" normalMaximum="1"/>
  <outcomeDeclaration identifier="MAXSCORE" cardinality="single" baseType="float">
    <defaultValue>
      <value>1</value>
    </defaultValue>
  </outcomeDeclaration>
  <itemBody>
    <div class="grid-row">
      <div class="col-12">
        <h1>Hottext Interaction</h1>
        <h2>Find the spelling mistakes</h2>
      </div>
    </div>
    <div class="grid-row">
      <div class="col-7">
        <hottextInteraction responseIdentifier="hottext_typos" maxChoices="0" minChoices="0">
          <prompt>
            <p><strong>Herbert George Wells</strong> (21 September 1866 – 13 August 1946) was an English writer and one of the fathers of science fiction.</p>
            <p>The following text is an extract from <strong>The time machine</strong>.It contains several spelling mistakes; we have already identified potential candidates, but we aren't sure at all.</p>
            <p>Can you help us by checking those words you believe to be misspelled?</p>
          </prompt>
          <h3>The time machine</h3>
          <p>The thing the Time Traveller held in his hand was a glittering metallic framework, scarcely larger than a small clock, and very delicately made. <hottext identifier="their" fixed="false">Their</hottext>was ivory in it, and some transparent crystalline substance. And now I must be explicit, for this that follows—unless his explanation is to be accepted—is an absolutely unaccountable thing. He took one of the small octagonal tables that <hottext identifier="where" fixed="false">where</hottext>scattered about the room, and set it in front of the fire, with two legs on the hearthrug. On this table he placed the mechanism. Then he drew up a chair, and sat down. The only other object on the table was a small shaded lamp, the bright light of which fell upon the model. There were also perhaps a <hottext identifier="dozen" fixed="false">dozen</hottext>candles about, two in brass candlesticks upon the mantel and several in sconces, so that the room was brilliantly illuminated. I sat in a low arm-chair nearest the fire, and I drew this forward so as to be almost between the Time Traveller and the fireplace. Filby sat behind him, looking over his shoulder. The Medical Man and the Provincial Mayor watched him in profile from the right, the Psychologist from the left. The Very Young Man stood behind thePsychologist. We were all on the alert. It <hottext identifier="apears" fixed="false">apears</hottext> incredible to me that any kind of trick, however subtly conceived and however adroitly done, could have been played upon us under these conditions.</p>
          <p>
            <i>Source: <a href="https://www.gutenberg.org/files/35/35-h/35-h.htm" target="_blank">Project Gutenberg</a></i>
          </p>
        </hottextInteraction>
      </div>
      <div class="col-1"/>
      <div class="col-4"><img src="assets/H.G._Wells_by_Beresford.jpg" alt="H.G. Wells" width="100%" type="image/jpeg"/>
          H.G. Wells by <a href="https://commons.wikimedia.org/wiki/File:H.G._Wells_by_Beresford.jpg" target="_blank">G.C. Beresford</a></div>
    </div>
  </itemBody>
  <responseProcessing>
    <responseCondition>
      <responseIf>
        <match>
          <variable identifier="hottext_typos"/>
          <correct identifier="hottext_typos"/>
        </match>
        <setOutcomeValue identifier="SCORE">
          <sum>
            <variable identifier="SCORE"/>
            <baseValue baseType="integer">1</baseValue>
          </sum>
        </setOutcomeValue>
      </responseIf>
    </responseCondition>
  </responseProcessing>
</assessmentItem>
