<?xml version="1.0" encoding="UTF-8"?>
<assessmentItem xmlns="http://www.imsglobal.org/xsd/imsqti_v2p2" xmlns:m="http://www.w3.org/1998/Math/MathML" xmlns:xsi="http://www.w3.org/2001/XMLSchema-instance" xsi:schemaLocation="http://www.imsglobal.org/xsd/imsqti_v2p2 http://www.imsglobal.org/xsd/qti/qtiv2p2/imsqti_v2p2.xsd" identifier="i15895416541318327" title="Spreadsheet formulas (File Upload Interaction)" label="Spreadsheet formulas (File Upload Interaction)" xml:lang="en-US" adaptive="false" timeDependent="false" toolName="TAO" toolVersion="3.4.0-sprint117">
  <responseDeclaration identifier="sales_spreadsheet" cardinality="single" baseType="file"/>
  <itemBody>
    <div class="grid-row">
      <div class="col-12">
        <h1>File Upload Interaction</h1>
        <h2>Spreadsheet formulas</h2>
      </div>
    </div>
    <div class="grid-row">
      <div class="col-5">
        <uploadInteraction responseIdentifier="sales_spreadsheet">
          <prompt>
            <p>Recreate the spreadsheet at the right in an editor of your choice and populate the gray cells. Upload the resulting file below.</p>
            <p>You have to use functions for all calculations!</p>
          </prompt>
        </uploadInteraction>
      </div>
      <div class="col-1"/>
      <div class="col-6">
        <p>
          <img src="assets/sales-1.png" alt="sales" width="100%" type="image/png"/>
        </p>
      </div>
    </div>
  </itemBody>
  <responseProcessing/>
</assessmentItem>
