<?xml version="1.0" encoding="UTF-8"?>
<assessmentItem xmlns="http://www.imsglobal.org/xsd/imsqti_v2p2" xmlns:m="http://www.w3.org/1998/Math/MathML" xmlns:xsi="http://www.w3.org/2001/XMLSchema-instance" xsi:schemaLocation="http://www.imsglobal.org/xsd/imsqti_v2p2 http://www.imsglobal.org/xsd/qti/qtiv2p2/imsqti_v2p2.xsd" identifier="i15888590838999290" title="Palace of Versailles (Hotspot Interaction)" label="Palace of Versailles (Hotspot Interaction)" xml:lang="en-US" adaptive="false" timeDependent="false" toolName="TAO" toolVersion="3.4.0-sprint117">
  <responseDeclaration identifier="france_sites" cardinality="single" baseType="identifier">
    <correctResponse>
      <value><![CDATA[site_2]]></value>
    </correctResponse>
  </responseDeclaration>
  <outcomeDeclaration identifier="SCORE" cardinality="single" baseType="float" normalMaximum="1"/>
  <outcomeDeclaration identifier="MAXSCORE" cardinality="single" baseType="float">
    <defaultValue>
      <value>1</value>
    </defaultValue>
  </outcomeDeclaration>
  <stylesheet href="style/custom/tao-user-styles.css" type="text/css" media="all" title=""/>
  <itemBody>
    <div class="grid-row">
      <div class="col-12">
        <h1>Hotspot Interaction</h1>
        <h2>Find the Palace of Versailles</h2>
      </div>
    </div>
    <div class="grid-row">
      <div class="col-5">
        <p>The Palace of Versailles in France is famous, both for its architecture and its role in history. </p>
        <p>For more than a century, it has served as the main residence of the king before the monarchy abruptly ended with the French Revolution in 1789. When in 1783 the United Kingdom recognized the independence of the United States, the treaties have been signed at Versailles. In more recent times, the First World War found its formal end with the Treaty of Versailles in 1919.</p>
        <p>The map to the right shows the locations of historical sites in France, which one is the Palace of Versailles?</p>
        <p>
          <img src="assets/anthony-choren-WU1RbgzDoAs-unsplash.jpg" alt="Palace of Versailles by Anthony Choren" width="100%" type="image/jpeg"/>
        </p>
        <p>Picture by <a href="https://unsplash.com/photos/WU1RbgzDoAs" target="_blank">Anthony Choren</a>, published under the <a href="https://unsplash.com/license" target="_blank">Unsplash License</a>.</p>
        <p/>
      </div>
      <div class="col-1"/>
      <div class="col-6">
        <hotspotInteraction responseIdentifier="france_sites" maxChoices="1" minChoices="0" class="responsive">
          <object data="assets/map-france.png" type="image/png" width="1001" height="961"/>
          <hotspotChoice identifier="site_1" fixed="false" shape="circle" coords="292,172,25"/>
          <hotspotChoice identifier="site_2" fixed="false" shape="circle" coords="501,227,25"/>
          <hotspotChoice identifier="site_3" fixed="false" shape="circle" coords="868,238,25"/>
          <hotspotChoice identifier="site_4" fixed="false" shape="circle" coords="250,244,25"/>
          <hotspotChoice identifier="site_5" fixed="false" shape="circle" coords="144,345,25"/>
          <hotspotChoice identifier="site_6" fixed="false" shape="circle" coords="299,371,25"/>
          <hotspotChoice identifier="site_7" fixed="false" shape="circle" coords="428,354,25"/>
          <hotspotChoice identifier="site_8" fixed="false" shape="circle" coords="816,525,25"/>
          <hotspotChoice identifier="site_9" fixed="false" shape="circle" coords="660,700,25"/>
          <hotspotChoice identifier="site_10" fixed="false" shape="circle" coords="725,757,25"/>
          <hotspotChoice identifier="site_11" fixed="false" shape="circle" coords="518,763,25"/>
          <hotspotChoice identifier="site_12" fixed="false" shape="circle" coords="300,590,25"/>
        </hotspotInteraction>
        <p>Map based on the work of <a href="https://commons.wikimedia.org/wiki/File:R%C3%A9gions_de_France_2016.svg" target="_blank">Superbenjamin</a>, published under <a href="https://creativecommons.org/licenses/by/3.0/deed.en" target="_blank">CC BY 3.0</a>. We changed colors and font, added the sites.</p>
      </div>
    </div>
  </itemBody>
  <responseProcessing>
    <responseCondition>
      <responseIf>
        <match>
          <variable identifier="france_sites"/>
          <correct identifier="france_sites"/>
        </match>
        <setOutcomeValue identifier="SCORE">
          <sum>
            <variable identifier="SCORE"/>
            <baseValue baseType="integer">1</baseValue>
          </sum>
        </setOutcomeValue>
      </responseIf>
    </responseCondition>
  </responseProcessing>
</assessmentItem>
