<?xml version="1.0" encoding="UTF-8"?>
<assessmentItem xmlns="http://www.imsglobal.org/xsd/imsqti_v2p2" xmlns:m="http://www.w3.org/1998/Math/MathML" xmlns:xsi="http://www.w3.org/2001/XMLSchema-instance" xsi:schemaLocation="http://www.imsglobal.org/xsd/imsqti_v2p2 http://www.imsglobal.org/xsd/qti/qtiv2p2/imsqti_v2p2.xsd" identifier="inline_beatles" title="Name these musicians (Inline Choice Interaction)" label="Name these musicians (Inline Choice Interaction)" xml:lang="en-US" adaptive="false" timeDependent="false" toolName="TAO" toolVersion="3.4.0-sprint117">
  <responseDeclaration identifier="lennon" cardinality="single" baseType="identifier">
    <correctResponse>
      <value><![CDATA[choice_a1]]></value>
    </correctResponse>
  </responseDeclaration>
  <responseDeclaration identifier="mccartney" cardinality="single" baseType="identifier">
    <correctResponse>
      <value><![CDATA[choice_b2]]></value>
    </correctResponse>
  </responseDeclaration>
  <responseDeclaration identifier="starr" cardinality="single" baseType="identifier">
    <correctResponse>
      <value><![CDATA[choice_d4]]></value>
    </correctResponse>
  </responseDeclaration>
  <responseDeclaration identifier="harrison" cardinality="single" baseType="identifier">
    <correctResponse>
      <value><![CDATA[choice_c3]]></value>
    </correctResponse>
  </responseDeclaration>
  <outcomeDeclaration identifier="MAXSCORE" cardinality="single" baseType="float">
    <defaultValue>
      <value>4</value>
    </defaultValue>
  </outcomeDeclaration>
  <outcomeDeclaration identifier="SCORE" cardinality="single" baseType="float" normalMaximum="4"/>
  <itemBody>
    <div class="grid-row">
      <div class="col-12">
        <h1>Inline Choice Interaction</h1>
        <h2>Do you know the names of these musicians?</h2>
      </div>
    </div>
    <div class="grid-row">
      <div class="col-7">
        <p>The Beatles were an English rock band formed in Liverpool. Their career lasted from 1960 to 1970 and until today they are regularly cited as a major influence by many musicians.</p>
        <p>For almost all the ten years the line-up consisted of four musicians:</p>
        <p>One of the guitar players, <inlineChoiceInteraction responseIdentifier="lennon" shuffle="false" required="false"><inlineChoice identifier="choice_a1" fixed="false" showHide="show">John Lennon</inlineChoice><inlineChoice identifier="choice_a2" fixed="false" showHide="show">Paul McCartney</inlineChoice><inlineChoice identifier="choice_a3" fixed="false" showHide="show">George Harrison</inlineChoice><inlineChoice identifier="choice_a4" fixed="false" showHide="show">Ringo Starr</inlineChoice></inlineChoiceInteraction> was a founding member and also one of the two main composers. He wrote most of the Beatles' hits together with <inlineChoiceInteraction responseIdentifier="mccartney" shuffle="false" required="false"><inlineChoice identifier="choice_b1" fixed="false" showHide="show">John Lennon</inlineChoice><inlineChoice identifier="choice_b2" fixed="false" showHide="show">Paul McCartney</inlineChoice><inlineChoice identifier="choice_b3" fixed="false" showHide="show">George Harrison</inlineChoice><inlineChoice identifier="choice_b4" fixed="false" showHide="show">Ringo Starr</inlineChoice></inlineChoiceInteraction>, the bass player. The other guitar player's name is <inlineChoiceInteraction responseIdentifier="harrison" shuffle="false" required="false"><inlineChoice identifier="choice_c1" fixed="false" showHide="show">John Lennon</inlineChoice><inlineChoice identifier="choice_c2" fixed="false" showHide="show">Paul McCartney</inlineChoice><inlineChoice identifier="choice_c3" fixed="false" showHide="show">George Harrison</inlineChoice><inlineChoice identifier="choice_c4" fixed="false" showHide="show">Ringo Starr</inlineChoice></inlineChoiceInteraction>, and the drums were played by <inlineChoiceInteraction responseIdentifier="starr" shuffle="false" required="false"><inlineChoice identifier="choice_d1" fixed="false" showHide="show">John Lennon</inlineChoice><inlineChoice identifier="choice_d2" fixed="false" showHide="show">Paul McCartney</inlineChoice><inlineChoice identifier="choice_d3" fixed="false" showHide="show">George Harrison</inlineChoice><inlineChoice identifier="choice_d4" fixed="false" showHide="show">Ringo Starr</inlineChoice></inlineChoiceInteraction>.  </p>
      </div>
      <div class="col-1"/>
      <div class="col-4">
        <img src="assets/639px-The_Beatles_magical_mystery_tour_(cropped).jpg" alt="Beatles" width="100%" type="image/jpeg"/>
        <p>Picture by <a href="https://commons.wikimedia.org/wiki/File:The_Beatles_magical_mystery_tour_(cropped).jpg" target="_blank">Parlophone Music Sweden</a>, released under <a href="https://creativecommons.org/licenses/by-sa/3.0/deed.en" target="_blank">CC BY-SA 3.0</a>.</p>
      </div>
    </div>
  </itemBody>
  <responseProcessing>
    <responseCondition>
      <responseIf>
        <match>
          <variable identifier="lennon"/>
          <correct identifier="lennon"/>
        </match>
        <setOutcomeValue identifier="SCORE">
          <sum>
            <variable identifier="SCORE"/>
            <baseValue baseType="integer">1</baseValue>
          </sum>
        </setOutcomeValue>
      </responseIf>
    </responseCondition>
    <responseCondition>
      <responseIf>
        <match>
          <variable identifier="mccartney"/>
          <correct identifier="mccartney"/>
        </match>
        <setOutcomeValue identifier="SCORE">
          <sum>
            <variable identifier="SCORE"/>
            <baseValue baseType="integer">1</baseValue>
          </sum>
        </setOutcomeValue>
      </responseIf>
    </responseCondition>
    <responseCondition>
      <responseIf>
        <match>
          <variable identifier="harrison"/>
          <correct identifier="harrison"/>
        </match>
        <setOutcomeValue identifier="SCORE">
          <sum>
            <variable identifier="SCORE"/>
            <baseValue baseType="integer">1</baseValue>
          </sum>
        </setOutcomeValue>
      </responseIf>
    </responseCondition>
    <responseCondition>
      <responseIf>
        <match>
          <variable identifier="starr"/>
          <correct identifier="starr"/>
        </match>
        <setOutcomeValue identifier="SCORE">
          <sum>
            <variable identifier="SCORE"/>
            <baseValue baseType="integer">1</baseValue>
          </sum>
        </setOutcomeValue>
      </responseIf>
    </responseCondition>
  </responseProcessing>
</assessmentItem>
