<?xml version="1.0" encoding="UTF-8"?>
<assessmentItem xmlns="http://www.imsglobal.org/xsd/imsqti_v2p2" xmlns:m="http://www.w3.org/1998/Math/MathML" xmlns:xsi="http://www.w3.org/2001/XMLSchema-instance" xsi:schemaLocation="http://www.imsglobal.org/xsd/imsqti_v2p2 http://www.imsglobal.org/xsd/qti/qtiv2p2/imsqti_v2p2.xsd" identifier="i1563354164228217055" title="Luxembourg's neighborhood (Choice Interaction)" label="Luxembourg's neighborhood (Choice Interaction)" xml:lang="en-US" adaptive="false" timeDependent="false" toolName="TAO" toolVersion="3.4.0-sprint117">
  <responseDeclaration identifier="choice_lux_border" cardinality="multiple" baseType="identifier">
    <correctResponse>
      <value><![CDATA[austria]]></value>
      <value><![CDATA[denmark]]></value>
    </correctResponse>
  </responseDeclaration>
  <outcomeDeclaration identifier="SCORE" cardinality="single" baseType="float" normalMaximum="1"/>
  <outcomeDeclaration identifier="MAXSCORE" cardinality="single" baseType="float">
    <defaultValue>
      <value>1</value>
    </defaultValue>
  </outcomeDeclaration>
  <itemBody>
    <div class="grid-row">
      <div class="col-12">
        <h1>Choice Interaction</h1>
        <h2>Luxembourg's neighborhood</h2>
      </div>
    </div>
    <div class="grid-row">
      <div class="col-6">
        <choiceInteraction responseIdentifier="choice_lux_border" shuffle="false" maxChoices="0" minChoices="0" orientation="vertical">
          <prompt>
            <p>OAT, the company behind the TAO assessment platform is located in <em>Luxembourg</em> or <em>Lëtzebuerg</em> as it is called in Luxembourgish language, a small country in Western Europe.</p>
            <p>Which of the following countries share no border with Luxembourg?</p>
          </prompt>
          <simpleChoice identifier="belgium" fixed="false" showHide="show">Belgium</simpleChoice>
          <simpleChoice identifier="germany" fixed="false" showHide="show">Germany</simpleChoice>
          <simpleChoice identifier="austria" fixed="false" showHide="show">Austria</simpleChoice>
          <simpleChoice identifier="denmark" fixed="false" showHide="show">Denmark</simpleChoice>
        </choiceInteraction>
      </div>
      <div class="col-1"/>
      <div class="col-5">
        <a title="Cayambe / CC BY-SA (https://creativecommons.org/licenses/by-sa/3.0)" href="https://commons.wikimedia.org/wiki/File:Luxembourg_Pfaffenthal_Alzette_B%C3%A9inchen_01.jpg">
          <img src="assets/eb495fa75d2ee93d5c3ec.jpg" alt="The river Alzette in Luxembourg Pfaffenthal, as seen from the bridge called Béinchen." width="100%" type="image/jpeg"/>
        </a>
        <p>The river Alzette in Luxembourg Pfaffenthal, as seen from the bridge called Béinchen. Picture by <a title="Cayambe / CC BY-SA (https://creativecommons.org/licenses/by-sa/3.0)" href="https://commons.wikimedia.org/wiki/File:Luxembourg_Pfaffenthal_Alzette_B%C3%A9inchen_01.jpg">Cayambe</a>, released under <a href="https://creativecommons.org/licenses/by-sa/3.0/deed.en" target="_blank">CC BY-SA 3.0</a>.</p>
      </div>
    </div>
  </itemBody>
  <responseProcessing>
    <responseCondition>
      <responseIf>
        <match>
          <variable identifier="choice_lux_border"/>
          <correct identifier="choice_lux_border"/>
        </match>
        <setOutcomeValue identifier="SCORE">
          <sum>
            <variable identifier="SCORE"/>
            <baseValue baseType="integer">1</baseValue>
          </sum>
        </setOutcomeValue>
      </responseIf>
    </responseCondition>
  </responseProcessing>
</assessmentItem>
