<?xml version="1.0" encoding="UTF-8"?>
<assessmentItem xmlns="http://www.imsglobal.org/xsd/imsqti_v2p2" xmlns:m="http://www.w3.org/1998/Math/MathML" xmlns:xsi="http://www.w3.org/2001/XMLSchema-instance" xsi:schemaLocation="http://www.imsglobal.org/xsd/imsqti_v2p2 http://www.imsglobal.org/xsd/qti/qtiv2p2/imsqti_v2p2.xsd" identifier="japanese_capitals" title="Japanese Capitals (Order Interaction)" label="Japanese Capitals (Order Interaction)" xml:lang="en-US" adaptive="false" timeDependent="false" toolName="TAO" toolVersion="3.4.0-sprint117">
  <responseDeclaration identifier="order_japanese_capitals" cardinality="ordered" baseType="identifier">
    <correctResponse>
      <value><![CDATA[nagaoka_kyo]]></value>
      <value><![CDATA[kyoto]]></value>
      <value><![CDATA[edo]]></value>
      <value><![CDATA[tokyo]]></value>
    </correctResponse>
  </responseDeclaration>
  <outcomeDeclaration identifier="SCORE" cardinality="single" baseType="float" normalMaximum="1"/>
  <outcomeDeclaration identifier="MAXSCORE" cardinality="single" baseType="float">
    <defaultValue>
      <value>1</value>
    </defaultValue>
  </outcomeDeclaration>
  <stylesheet href="style/custom/tao-user-styles.css" type="text/css" media="all" title=""/>
  <itemBody>
    <div class="grid-row">
      <div class="col-12">
        <h1>Order Interaction</h1>
        <h2>Japanese History</h2>
      </div>
    </div>
    <div class="grid-row">
      <div class="col-12">
        <p>Over various periods of history, numerous cities in Japan have been serving as the country's capital, amongst them the four cities below.</p>
        <p>Can you bring these cities into the correct historical order, starting with the earliest one?</p>
      </div>
    </div>
    <div class="grid-row">
      <div class="col-7">
        <orderInteraction responseIdentifier="order_japanese_capitals" shuffle="true" orientation="vertical">
          <simpleChoice identifier="tokyo" fixed="false" showHide="show">Tokyo - 東京</simpleChoice>
          <simpleChoice identifier="edo" fixed="false" showHide="show">Edo - 江戸</simpleChoice>
          <simpleChoice identifier="nagaoka_kyo" fixed="false" showHide="show">Nagaoka-Kyo - 長岡京</simpleChoice>
          <simpleChoice identifier="kyoto" fixed="false" showHide="show">Kyoto - 京都</simpleChoice>
        </orderInteraction>
      </div>
      <div class="col-1"/>
      <div class="col-4"><img src="assets/kyoto-golden-pavillon.jpg" alt="Golden Pavillon, Kyoto" width="100%" type="image/jpeg"/>
      	Golden Pavillon, Kyoto by Hans ter Horst, released under <a href="https://creativecommons.org/licenses/by-sa/4.0/" target="_blank">CC BY-SA 4.0</a></div>
    </div>
  </itemBody>
  <responseProcessing>
    <responseCondition>
      <responseIf>
        <match>
          <variable identifier="order_japanese_capitals"/>
          <correct identifier="order_japanese_capitals"/>
        </match>
        <setOutcomeValue identifier="SCORE">
          <sum>
            <variable identifier="SCORE"/>
            <baseValue baseType="integer">1</baseValue>
          </sum>
        </setOutcomeValue>
      </responseIf>
    </responseCondition>
  </responseProcessing>
</assessmentItem>
