<?xml version="1.0" encoding="UTF-8"?>
<assessmentItem xmlns="http://www.imsglobal.org/xsd/imsqti_v2p2" xmlns:m="http://www.w3.org/1998/Math/MathML" xmlns:xsi="http://www.w3.org/2001/XMLSchema-instance" xsi:schemaLocation="http://www.imsglobal.org/xsd/imsqti_v2p2 http://www.imsglobal.org/xsd/qti/qtiv2p2/imsqti_v2p2.xsd" identifier="media_guess_language" title="Guess the language (Media Interaction)" label="Guess the language (Media Interaction)" xml:lang="en-US" adaptive="false" timeDependent="false" toolName="TAO" toolVersion="3.4.0-sprint117">
  <responseDeclaration identifier="media_guess_language_soundbyte" cardinality="single" baseType="integer"/>
  <responseDeclaration identifier="media_guess_language" cardinality="multiple" baseType="identifier">
    <correctResponse>
      <value><![CDATA[italian]]></value>
    </correctResponse>
  </responseDeclaration>
  <outcomeDeclaration identifier="SCORE" cardinality="single" baseType="float" normalMaximum="1"/>
  <itemBody>
    <div class="grid-row">
      <div class="col-12">
        <h1>Media Interaction combined with Choice Interaction</h1>
        <h2>Guess the language</h2>
      </div>
    </div>
    <div class="grid-row">
      <div class="col-7">
        <mediaInteraction responseIdentifier="media_guess_language_soundbyte" autostart="false" minPlays="0" maxPlays="0" loop="false" class="pause">
          <prompt>
            <p>Valentina works at a radio station. Her interview guest today is Luca who opens the interview by playing a short excerpt of the song <strong>Lenny</strong> by <strong>Stevie Ray Vaughan</strong> on his guitar. They then talk about this song - we learn on which album it was and what the main musical influences were.</p>
            <p>First, listen to their conversation!</p>
            <p/>
          </prompt>
          <object data="assets/RadioValyna.mp3" type="audio/mpeg" width="984" height="30"/>
        </mediaInteraction>
        <p/>
        <choiceInteraction responseIdentifier="media_guess_language" shuffle="false" maxChoices="1" minChoices="0" orientation="vertical">
          <prompt>
            <p>Do you know what language Valentina and Luca are speaking?</p>
          </prompt>
          <simpleChoice identifier="romanian" fixed="false" showHide="show">Romanian</simpleChoice>
          <simpleChoice identifier="portuguese" fixed="false" showHide="show">Portuguese</simpleChoice>
          <simpleChoice identifier="italian" fixed="false" showHide="show">Italian</simpleChoice>
        </choiceInteraction>
      </div>
      <div class="col-1"/>
      <div class="col-4">
        <img src="assets/photo-1482442120256-9c03866de390.jpg" alt="Microphone" width="100%" type="image/jpeg"/>
        <p>Picture: <a href="https://unsplash.com/photos/NMbZ7QM3XWM">Neil Godding</a>, <a href="https://unsplash.com/license" target="_blank">Unsplash License</a>. <br/>Sound file: <a href="https://taotesting.com" target="_blank">O.A.T.</a>, <a href="https://creativecommons.org/licenses/by-sa/4.0/legalcode" target="_blank">CC BY-SA 4.0</a></p>
      </div>
    </div>
  </itemBody>
  <responseProcessing>
    <responseCondition>
      <responseIf>
        <match>
          <variable identifier="media_guess_language"/>
          <correct identifier="media_guess_language"/>
        </match>
        <setOutcomeValue identifier="SCORE">
          <sum>
            <variable identifier="SCORE"/>
            <baseValue baseType="integer">1</baseValue>
          </sum>
        </setOutcomeValue>
      </responseIf>
    </responseCondition>
  </responseProcessing>
</assessmentItem>
