<?xml version="1.0" encoding="UTF-8"?>
<assessmentItem xmlns="http://www.imsglobal.org/xsd/imsqti_v2p2" xmlns:m="http://www.w3.org/1998/Math/MathML" xmlns:xsi="http://www.w3.org/2001/XMLSchema-instance" xsi:schemaLocation="http://www.imsglobal.org/xsd/imsqti_v2p2 http://www.imsglobal.org/xsd/qti/qtiv2p2/imsqti_v2p2.xsd" identifier="extended_text_saarbruecken" title="Market square in Germany (Extended Text Interaction)" label="Market square in Germany (Extended Text Interaction)" xml:lang="en-US" adaptive="false" timeDependent="false" toolName="TAO" toolVersion="3.4.0-sprint117">
  <responseDeclaration identifier="extended_text_saarbruecken" cardinality="single" baseType="string"/>
  <itemBody>
    <div class="grid-row">
      <div class="col-12">
        <h1>Extended Text Interaction</h1>
        <h2>Describe the view!</h2>
      </div>
    </div>
    <div class="grid-row">
      <div class="col-12">
        <p>The picture below shows the St. Johanner Markt in Saarbrücken, Germany.</p>
        <p>Describe what you see on this picture, the description is limited to 500 words!</p>
        <img src="assets/1024px-Saarbrücken_St_JohannerMarkt_pano.jpg" alt="Saarbrücken St. JohannerMarkt" width="100%" type="image/jpeg"/>
        <p>Photo by <a href="https://commons.wikimedia.org/wiki/File:Saarbr%C3%BCcken_St_JohannerMarkt_pano.jpg" target="_blank">LoKiLeCh</a>, released under <a href="https://creativecommons.org/licenses/by-sa/3.0/deed.en" target="_blank">CC BY-SA 3.0</a>.</p>
      </div>
    </div>
    <div class="grid-row">
      <div class="col-12">
        <extendedTextInteraction responseIdentifier="extended_text_saarbruecken" base="10" patternMask="^(?:(?:[^\s\:\!\?\;\…\€]+)[\s\:\!\?\;\…\€]*){0,500}$" minStrings="0" format="xhtml">
    </extendedTextInteraction>
      </div>
    </div>
  </itemBody>
  <responseProcessing/>
</assessmentItem>
