<?xml version="1.0" encoding="UTF-8"?>
<assessmentItem xmlns="http://www.imsglobal.org/xsd/imsqti_v2p2" xmlns:m="http://www.w3.org/1998/Math/MathML" xmlns:xsi="http://www.w3.org/2001/XMLSchema-instance" xsi:schemaLocation="http://www.imsglobal.org/xsd/imsqti_v2p2 http://www.imsglobal.org/xsd/qti/qtiv2p2/imsqti_v2p2.xsd" identifier="gr_associate_tools" title="Tool Associations (Graphic Associate Interaction)" label="Tool Associations (Graphic Associate Interaction)" xml:lang="en-US" adaptive="false" timeDependent="false" toolName="TAO" toolVersion="3.4.0-sprint117">
  <responseDeclaration identifier="gr_associate_tools" cardinality="multiple" baseType="pair">
    <mapping defaultValue="0" lowerBound="0" upperBound="4">
      <mapEntry mapKey="peg drill" mappedValue="1"/>
      <mapEntry mapKey="screws screwdriver" mappedValue="1"/>
      <mapEntry mapKey="nails hammer" mappedValue="1"/>
      <mapEntry mapKey="bent_nail pincer" mappedValue="1"/>
    </mapping>
  </responseDeclaration>
  <outcomeDeclaration identifier="SCORE" cardinality="single" baseType="float" normalMaximum="4"/>
  <outcomeDeclaration identifier="MAXSCORE" cardinality="single" baseType="float">
    <defaultValue>
      <value>4</value>
    </defaultValue>
  </outcomeDeclaration>
  <itemBody>
    <div class="grid-row">
      <div class="col-12">
        <h1>Graphic Associate Interaction</h1>
        <h2>Match tools and materials</h2>
      </div>
    </div>
    <div class="grid-row">
      <div class="col-5">
        <p>Carpenters use many different tools and materials in their daily work, but not every tool is right for every task. </p>
        <p>The composite picture shows a selection of items that can be found in every workshop - can you match them up?</p>
        <p>Build up to 4 pairs of tools and materials by clicking on the circles.</p>
        <p> </p>
        <img src="assets/joel-jasmin-forestbird-xzPMUMDDsfk-unsplash.jpg" alt="Wood" width="100%" type="image/jpeg"/>
        <p>Picture by <a href="https://unsplash.com/photos/xzPMUMDDsfk" target="_blank">Joel &amp; Jasmin Førestbird</a>, released under the <a href="https://unsplash.com/license" target="_blank">Unsplash License</a>.</p>
      </div>
      <div class="col-1"/>
      <div class="col-6">
        <graphicAssociateInteraction responseIdentifier="gr_associate_tools" maxAssociations="0" minAssociations="0" class="responsive">
          <object data="assets/tools-and-materials.jpg" type="image/jpeg" width="464" height="464"/>
          <associableHotspot identifier="peg" fixed="false" matchMax="1" matchMin="0" shape="circle" coords="30,125,20"/>
          <associableHotspot identifier="level" fixed="false" matchMax="1" matchMin="0" shape="circle" coords="185,125,20"/>
          <associableHotspot identifier="screwdriver" fixed="false" matchMax="1" matchMin="0" shape="circle" coords="340,125,20"/>
          <associableHotspot identifier="drill" fixed="false" matchMax="1" matchMin="0" shape="circle" coords="30,280,20"/>
          <associableHotspot identifier="nails" fixed="false" matchMax="1" matchMin="0" shape="circle" coords="185,280,20"/>
          <associableHotspot identifier="pincer" fixed="false" matchMax="1" matchMin="0" shape="circle" coords="340,280,20"/>
          <associableHotspot identifier="hammer" fixed="false" matchMax="1" matchMin="0" shape="circle" coords="30,435,20"/>
          <associableHotspot identifier="screws" fixed="false" matchMax="1" matchMin="0" shape="circle" coords="185,435,20"/>
          <associableHotspot identifier="bent_nail" fixed="false" matchMax="1" matchMin="0" shape="circle" coords="340,435,20"/>
        </graphicAssociateInteraction>
        <p>Composite picture by <a href="https://taotesting.com" target="_blank">O.A.T.</a>, released under <a href="https://creativecommons.org/licenses/by-sa/4.0" target="_blank">CC BY-SA 4.0</a>.</p>
      </div>
    </div>
  </itemBody>
  <responseProcessing>
    <responseCondition>
      <responseIf>
        <not>
          <isNull>
            <variable identifier="gr_associate_tools"/>
          </isNull>
        </not>
        <setOutcomeValue identifier="SCORE">
          <sum>
            <variable identifier="SCORE"/>
            <mapResponse identifier="gr_associate_tools"/>
          </sum>
        </setOutcomeValue>
      </responseIf>
    </responseCondition>
  </responseProcessing>
</assessmentItem>
