<?xml version="1.0" encoding="UTF-8"?>
<assessmentItem xmlns="http://www.imsglobal.org/xsd/imsqti_v2p2" xmlns:m="http://www.w3.org/1998/Math/MathML" xmlns:xsi="http://www.w3.org/2001/XMLSchema-instance" xsi:schemaLocation="http://www.imsglobal.org/xsd/imsqti_v2p2 http://www.imsglobal.org/xsd/qti/qtiv2p2/imsqti_v2p2.xsd" identifier="match_languages_countries" title="Match countries and languages (Match Interaction)" label="Match countries and languages (Match Interaction)" xml:lang="en-US" adaptive="false" timeDependent="false" toolName="TAO" toolVersion="3.4.0-sprint117">
  <responseDeclaration identifier="match_languages_countries" cardinality="multiple" baseType="directedPair">
    <correctResponse>
      <value><![CDATA[hungarian budapest]]></value>
      <value><![CDATA[french paris]]></value>
      <value><![CDATA[dutch amsterdam]]></value>
      <value><![CDATA[polish warsaw]]></value>
      <value><![CDATA[lithuanian vilnius]]></value>
    </correctResponse>
  </responseDeclaration>
  <outcomeDeclaration identifier="SCORE" cardinality="single" baseType="float" normalMaximum="1"/>
  <outcomeDeclaration identifier="MAXSCORE" cardinality="single" baseType="float">
    <defaultValue>
      <value>1</value>
    </defaultValue>
  </outcomeDeclaration>
  <itemBody>
    <div class="grid-row">
      <div class="col-12">
        <h1>Match Interaction</h1>
        <h2>Match countries and languages</h2>
      </div>
    </div>
    <div class="grid-row">
      <div class="col-12">
        <p>The people working on the TAO platform come from a multitude of countries and you get to hear a number of languages in the office every day.</p>
        <p>Can you match the cities below with the language most likely to be spoken there?</p>
      </div>
    </div>
    <div class="grid-row">
      <div class="col-6">
        <matchInteraction responseIdentifier="match_languages_countries" shuffle="false" maxAssociations="5" minAssociations="0">
          <prompt/>
          <simpleMatchSet>
            <simpleAssociableChoice identifier="french" fixed="false" showHide="show" matchMax="0" matchMin="0">French</simpleAssociableChoice>
            <simpleAssociableChoice identifier="hungarian" fixed="false" showHide="show" matchMax="0" matchMin="0">Hungarian</simpleAssociableChoice>
            <simpleAssociableChoice identifier="polish" fixed="false" showHide="show" matchMax="0" matchMin="0">Polish</simpleAssociableChoice>
            <simpleAssociableChoice identifier="dutch" fixed="false" showHide="show" matchMax="0" matchMin="0">Dutch</simpleAssociableChoice>
            <simpleAssociableChoice identifier="lithuanian" fixed="false" showHide="show" matchMax="0" matchMin="0">Lithuanian</simpleAssociableChoice>
          </simpleMatchSet>
          <simpleMatchSet>
            <simpleAssociableChoice identifier="budapest" fixed="false" showHide="show" matchMax="0" matchMin="0">Budapest</simpleAssociableChoice>
            <simpleAssociableChoice identifier="vilnius" fixed="false" showHide="show" matchMax="0" matchMin="0">Vilnius</simpleAssociableChoice>
            <simpleAssociableChoice identifier="paris" fixed="false" showHide="show" matchMax="0" matchMin="0">Paris</simpleAssociableChoice>
            <simpleAssociableChoice identifier="amsterdam" fixed="false" showHide="show" matchMax="0" matchMin="0">Amsterdam</simpleAssociableChoice>
            <simpleAssociableChoice identifier="warsaw" fixed="false" showHide="show" matchMax="0" matchMin="0">Warsaw</simpleAssociableChoice>
          </simpleMatchSet>
        </matchInteraction>
      </div>
      <div class="col-1"/>
      <div class="col-5"><img src="assets/1a7e84cd5d2ef3cb19be3.jpg" alt="Lithuania, Trakai Island Castle" width="100%" type="image/jpeg"/>
          Lithuania, Trakai Island Castle, picture by <a href="https://commons.wikimedia.org/wiki/File:Trakai-Troki.jpg" target="_blank">Julo</a>, released under <a href="https://creativecommons.org/licenses/by-sa/3.0/deed.en" target="_blank">CC BY-SA 3.0</a>.</div>
    </div>
  </itemBody>
  <responseProcessing>
    <responseCondition>
      <responseIf>
        <match>
          <variable identifier="match_languages_countries"/>
          <correct identifier="match_languages_countries"/>
        </match>
        <setOutcomeValue identifier="SCORE">
          <sum>
            <variable identifier="SCORE"/>
            <baseValue baseType="integer">1</baseValue>
          </sum>
        </setOutcomeValue>
      </responseIf>
    </responseCondition>
  </responseProcessing>
</assessmentItem>
