<?xml version="1.0" encoding="UTF-8"?>
<assessmentItem xmlns="http://www.imsglobal.org/xsd/imsqti_v2p2" xmlns:xsi="http://www.w3.org/2001/XMLSchema-instance" xsi:schemaLocation="http://www.imsglobal.org/xsd/imsqti_v2p2 http://www.imsglobal.org/xsd/qti/qtiv2p2/imsqti_v2p2.xsd" identifier="gap_match_a_une_dame_creole" title="Baudelaire: À une dame créole (Gap Match Interaction)" label="Baudelaire: À une dame créole (Gap Match Interaction)" xml:lang="en-US" adaptive="false" timeDependent="false" toolName="TAO" toolVersion="3.4.0-sprint117">
  <responseDeclaration identifier="gap_match_dame_creole" cardinality="multiple" baseType="directedPair">
    <correctResponse>
      <value><![CDATA[paresse les_yeux_la]]></value>
      <value><![CDATA[chasseresse marchant_comme_une]]></value>
      <value><![CDATA[gloire vrai_pays_de]]></value>
      <value><![CDATA[Loire gap_3]]></value>
      <value><![CDATA[sonnets Germer_mille]]></value>
    </correctResponse>
  </responseDeclaration>
  <outcomeDeclaration identifier="SCORE" cardinality="single" baseType="float" normalMaximum="1"/>
  <outcomeDeclaration identifier="MAXSCORE" cardinality="single" baseType="float">
    <defaultValue>
      <value>1</value>
    </defaultValue>
  </outcomeDeclaration>
  <itemBody>
    <div class="grid-row">
      <div class="col-12">
        <h1>Gap Match Interaction</h1>
        <h2>Find the missing words!</h2>
      </div>
    </div>
    <div class="grid-row">
      <div class="col-6">
        <gapMatchInteraction responseIdentifier="gap_match_dame_creole" shuffle="true">
          <prompt>
            <p><strong>Charles Pierre Baudelaire</strong> (9 April 1821 – 31 August 1867) was a French poet whose most famous work is titled <strong>Les Fleurs du mal</strong> (The Flowers of Evil). The poem <strong>À une dame créole</strong> is part of this work.</p>
            <p>Please complete the poem with words from the list below.</p>
          </prompt>
          <gapText identifier="paresse" fixed="false" matchMax="1" matchMin="0">paresse</gapText>
          <gapText identifier="chasseresse" fixed="false" matchMax="1" matchMin="0">chasseresse</gapText>
          <gapText identifier="Loire" fixed="false" matchMax="1" matchMin="0">Loire</gapText>
          <gapText identifier="sonnets" fixed="false" matchMax="1" matchMin="0">sonnets</gapText>
          <gapText identifier="gloire" fixed="false" matchMax="1" matchMin="0">gloire</gapText>
          <h3>À une dame créole</h3>
          <p>Au pays parfumé que le soleil caresse<br/>
J’ai connu, sous un dais d’arbres tout empourprés<br/>
Et de palmiers d’où pleut sur les yeux la <gap identifier="les_yeux_la" fixed="false" required="false"/><br/>
Une dame créole aux charmes ignorés.</p>
          <p>Son teint est pâle et chaud; la brune enchanteresse<br/>
A dans le cou des airs noblement maniérés;<br/>
Grande et svelte en marchant comme une <gap identifier="marchant_comme_une" fixed="false" required="false"/><br/>
Son sourire est tranquille et ses yeux assurés.</p>
          <p>Si vous alliez, Madame, au vrai pays de <gap identifier="vrai_pays_de" fixed="false" required="false"/><br/>
Sur les bords de la Seine ou de la verte <gap identifier="gap_3" fixed="false" required="false"/><br/>
Belle digne d’orner les antiques manoirs</p>
          <p>Vous feriez, à l’abri des ombreuses retraites<br/>
Germer mille <gap identifier="Germer_mille" fixed="false" required="false"/> dans le coeur des poètes<br/>
Que vos grands yeux rendraient plus soumis que vos noirs.</p>
          <p>
            <i>Source: <a href="https://www.gutenberg.org/files/6099/6099-h/6099-h.htm" target="_blank">Project Gutenberg</a></i>
          </p>
        </gapMatchInteraction>
      </div>
      <div class="col-1"/>
      <div class="col-5"><img src="assets/Charles_Baudelaire.jpg" alt="Charles Baudelaire" width="100%" type="image/jpeg"/>
        Charles Baudelaire, picture by <a href="https://en.wikipedia.org/wiki/File:%C3%89tienne_Carjat,_Portrait_of_Charles_Baudelaire,_circa_1862.jpg" target="_blank">Étienne Carjat</a></div>
    </div>
  </itemBody>
  <responseProcessing>
    <responseCondition>
      <responseIf>
        <match>
          <variable identifier="gap_match_dame_creole"/>
          <correct identifier="gap_match_dame_creole"/>
        </match>
        <setOutcomeValue identifier="SCORE">
          <sum>
            <variable identifier="SCORE"/>
            <baseValue baseType="integer">1</baseValue>
          </sum>
        </setOutcomeValue>
      </responseIf>
    </responseCondition>
  </responseProcessing>
</assessmentItem>
