<?xml version="1.0" encoding="UTF-8"?>
<assessmentItem xmlns="http://www.imsglobal.org/xsd/imsqti_v2p2" xmlns:m="http://www.w3.org/1998/Math/MathML" xmlns:xsi="http://www.w3.org/2001/XMLSchema-instance" xsi:schemaLocation="http://www.imsglobal.org/xsd/imsqti_v2p2 http://www.imsglobal.org/xsd/qti/qtiv2p2/imsqti_v2p2.xsd" identifier="select_point_volcano" title="Eyjafjallajökull Eruption 2010 (Select Point Interaction)" label="Eyjafjallajökull Eruption 2010 (Select Point Interaction)" xml:lang="en-US" adaptive="false" timeDependent="false" toolName="TAO" toolVersion="3.4.0-sprint117">
  <responseDeclaration identifier="select_point_volcano" cardinality="single" baseType="point">
    <areaMapping defaultValue="0">
      <areaMapEntry shape="circle" coords="413,641,51" mappedValue="1"/>
    </areaMapping>
  </responseDeclaration>
  <outcomeDeclaration identifier="SCORE" cardinality="single" baseType="float" normalMaximum="1"/>
  <outcomeDeclaration identifier="MAXSCORE" cardinality="single" baseType="float">
    <defaultValue>
      <value>1</value>
    </defaultValue>
  </outcomeDeclaration>
  <itemBody>
    <div class="grid-row">
      <div class="col-12">
        <h1>Select Point Interaction</h1>
        <h2>Eyjafjallajökull Eruption 2010</h2>
      </div>
    </div>
    <div class="grid-row">
      <div class="col-5">
        <p>In spring 2010 the eruptions of the volcano <em>Eyjafjallajökull</em> in <em>Iceland</em> caused major disruption to air travel across western and northern Europe.</p>
        <p>Can you pinpoint the area in which the volcano is located on the map?</p>
        <img src="assets/640px-Eyjafjallajokull_major_eruption_2_20100420.jpg" alt="Eyjafjallajökull Eruption" width="100%" type="image/jpeg"/>
        <p>Picture by <a href="https://commons.wikimedia.org/wiki/File:Eyjafjallaj%C3%B6kull_major_eruption_2_20100420.jpg" target="_blank">David Karnå</a>, published under <a href="https://creativecommons.org/licenses/by-sa/3.0/" target="_blank">CC BY-SA 3.0</a></p>
      </div>
      <div class="col-1"/>
      <div class="col-6">
        <selectPointInteraction responseIdentifier="select_point_volcano" maxChoices="1" minChoices="0" class="responsive">
          <object data="assets/946px-Map_of_Iceland.png" type="image/png" width="946" height="768"/>
        </selectPointInteraction>
        <p>The map is the work of <a href="https://commons.wikimedia.org/wiki/File:Map_of_Iceland.svg" target="_blank">Max Naylor</a> and in the public domain.</p>
      </div>
    </div>
  </itemBody>
  <responseProcessing>
    <responseCondition>
      <responseIf>
        <not>
          <isNull>
            <variable identifier="select_point_volcano"/>
          </isNull>
        </not>
        <setOutcomeValue identifier="SCORE">
          <sum>
            <variable identifier="SCORE"/>
            <mapResponsePoint identifier="select_point_volcano"/>
          </sum>
        </setOutcomeValue>
      </responseIf>
    </responseCondition>
  </responseProcessing>
</assessmentItem>
