<?xml version="1.0" encoding="UTF-8"?>
<assessmentItem xmlns="http://www.imsglobal.org/xsd/imsqti_v2p2" xmlns:m="http://www.w3.org/1998/Math/MathML" xmlns:xsi="http://www.w3.org/2001/XMLSchema-instance" xsi:schemaLocation="http://www.imsglobal.org/xsd/imsqti_v2p2 http://www.imsglobal.org/xsd/qti/qtiv2p2/imsqti_v2p2.xsd" identifier="graphic_match_vegetarian" title="Jessica is a vegetarian (Graphic Gap Match Interaction)" label="Jessica is a vegetarian (Graphic Gap Match Interaction)" xml:lang="en-US" adaptive="false" timeDependent="false" toolName="TAO" toolVersion="3.4.0-sprint117">
  <responseDeclaration identifier="RESPONSE" cardinality="multiple" baseType="directedPair">
    <correctResponse>
      <value><![CDATA[broccoli spot_1]]></value>
      <value><![CDATA[broccoli spot_2]]></value>
      <value><![CDATA[broccoli spot_3]]></value>
      <value><![CDATA[broccoli spot_4]]></value>
      <value><![CDATA[broccoli spot_5]]></value>
      <value><![CDATA[tomato spot_1]]></value>
      <value><![CDATA[tomato spot_2]]></value>
      <value><![CDATA[tomato spot_3]]></value>
      <value><![CDATA[tomato spot_4]]></value>
      <value><![CDATA[tomato spot_5]]></value>
      <value><![CDATA[cob_corn spot_1]]></value>
      <value><![CDATA[cob_corn spot_2]]></value>
      <value><![CDATA[cob_corn spot_3]]></value>
      <value><![CDATA[cob_corn spot_4]]></value>
      <value><![CDATA[cob_corn spot_5]]></value>
      <value><![CDATA[salad spot_1]]></value>
      <value><![CDATA[salad spot_2]]></value>
      <value><![CDATA[salad spot_3]]></value>
      <value><![CDATA[salad spot_4]]></value>
      <value><![CDATA[salad spot_5]]></value>
      <value><![CDATA[peppers spot_1]]></value>
      <value><![CDATA[peppers spot_2]]></value>
      <value><![CDATA[peppers spot_3]]></value>
      <value><![CDATA[peppers spot_4]]></value>
      <value><![CDATA[peppers spot_5]]></value>
    </correctResponse>
    <mapping defaultValue="0">
      <mapEntry mapKey="broccoli spot_1" mappedValue="1"/>
      <mapEntry mapKey="broccoli spot_2" mappedValue="1"/>
      <mapEntry mapKey="broccoli spot_3" mappedValue="1"/>
      <mapEntry mapKey="broccoli spot_4" mappedValue="1"/>
      <mapEntry mapKey="broccoli spot_5" mappedValue="1"/>
      <mapEntry mapKey="tomato spot_1" mappedValue="1"/>
      <mapEntry mapKey="tomato spot_2" mappedValue="1"/>
      <mapEntry mapKey="tomato spot_3" mappedValue="1"/>
      <mapEntry mapKey="tomato spot_4" mappedValue="1"/>
      <mapEntry mapKey="tomato spot_5" mappedValue="1"/>
      <mapEntry mapKey="cob_corn spot_1" mappedValue="1"/>
      <mapEntry mapKey="cob_corn spot_2" mappedValue="1"/>
      <mapEntry mapKey="cob_corn spot_3" mappedValue="1"/>
      <mapEntry mapKey="cob_corn spot_4" mappedValue="1"/>
      <mapEntry mapKey="cob_corn spot_5" mappedValue="1"/>
      <mapEntry mapKey="salad spot_1" mappedValue="1"/>
      <mapEntry mapKey="salad spot_2" mappedValue="1"/>
      <mapEntry mapKey="salad spot_3" mappedValue="1"/>
      <mapEntry mapKey="salad spot_4" mappedValue="1"/>
      <mapEntry mapKey="salad spot_5" mappedValue="1"/>
      <mapEntry mapKey="peppers spot_1" mappedValue="1"/>
      <mapEntry mapKey="peppers spot_2" mappedValue="1"/>
      <mapEntry mapKey="peppers spot_3" mappedValue="1"/>
      <mapEntry mapKey="peppers spot_4" mappedValue="1"/>
      <mapEntry mapKey="peppers spot_5" mappedValue="1"/>
    </mapping>
  </responseDeclaration>
  <outcomeDeclaration identifier="SCORE" cardinality="single" baseType="float" normalMaximum="5"/>
  <outcomeDeclaration identifier="MAXSCORE" cardinality="single" baseType="float">
    <defaultValue>
      <value>5</value>
    </defaultValue>
  </outcomeDeclaration>
  <stylesheet href="assets/style.css" type="text/css" media="all" title=""/>
  <itemBody>
    <div class="grid-row">
      <div class="col-12">
        <h1>Graphic Gap Match Interaction</h1>
        <h2>Select food for a vegetarian</h2>
      </div>
    </div>
    <div class="grid-row">
      <div class="col-12">
        <p>Jessica is a vegetarian, she neither eats eggs or dairy products. Can you help her to select food items from the offering below?</p>
      </div>
    </div>
    <div class="grid-row">
      <div class="col-10">
        <graphicGapMatchInteraction responseIdentifier="RESPONSE" class="responsive">
          <object data="assets/_11342694025_91f14d38b0_b.jpg" type="image/jpeg" width="1020" height="529"/>
          <gapImg identifier="broccoli" fixed="false" matchMax="1" matchMin="0">
            <object data="assets/320px-Choux_01.png" type="image/png" width="94" height="94"/>
          </gapImg>
          <gapImg identifier="tomato" fixed="false" matchMax="1" matchMin="0">
            <object data="assets/320px-Fruit_or_vegetable-_(32257730023).png" type="image/png" width="94" height="94"/>
          </gapImg>
          <gapImg identifier="lamb_chops" fixed="false" matchMax="1" matchMin="0">
            <object data="assets/25411689_dbda4cd8c0_q.jpg" type="image/jpeg" width="94" height="94"/>
          </gapImg>
          <gapImg identifier="cob_corn" fixed="false" matchMax="1" matchMin="0">
            <object data="assets/377px-Grilled_Corn_(Unsplash).png" type="image/png" width="94" height="94"/>
          </gapImg>
          <gapImg identifier="cake" fixed="false" matchMax="1" matchMin="0">
            <object data="assets/anthony-espinosa-6iqpLKqeaE0-unsplash.jpg" type="image/jpeg" width="94" height="94"/>
          </gapImg>
          <gapImg identifier="cheese" fixed="false" matchMax="1" matchMin="0">
            <object data="assets/320px-Cantal_03.png" type="image/png" width="94" height="94"/>
          </gapImg>
          <gapImg identifier="salmon" fixed="false" matchMax="1" matchMin="0">
            <object data="assets/Salmon_Sushi.png" type="image/png" width="94" height="94"/>
          </gapImg>
          <gapImg identifier="salad" fixed="false" matchMax="1" matchMin="0">
            <object data="assets/anna-pelzer-IGfIGP5ONV0-unsplash.jpg" type="image/jpeg" width="94" height="94"/>
          </gapImg>
          <gapImg identifier="peppers" fixed="false" matchMax="1" matchMin="0">
            <object data="assets/300px-Capsicum_annuum_fruits_IMGP0122.png" type="image/png" width="94" height="94"/>
          </gapImg>
          <gapImg identifier="chicken_legs" fixed="false" matchMax="1">
            <object data="assets/6_cooked_chicken_legs.jpg" type="image/jpeg" width="94" height="94"/>
          </gapImg>
          <associableHotspot identifier="spot_1" fixed="false" matchMax="1" matchMin="0" shape="circle" coords="406,210,70"/>
          <associableHotspot identifier="spot_2" fixed="false" matchMax="1" matchMin="0" shape="circle" coords="529,119,70"/>
          <associableHotspot identifier="spot_3" fixed="false" matchMax="1" matchMin="0" shape="circle" coords="609,361,70"/>
          <associableHotspot identifier="spot_4" fixed="false" matchMax="1" matchMin="0" shape="circle" coords="454,357,70"/>
          <associableHotspot identifier="spot_5" fixed="false" matchMax="1" matchMin="0" shape="circle" coords="648,214,70"/>
        </graphicGapMatchInteraction>
      </div>
      <div class="col-2"/>
    </div>
    <div class="grid-row">
      <div class="col-12">
        <h3>License Attribution</h3>
        <ul>
          <li>Table setting: <a href="https://www.flickr.com/photos/dinnerseries/11342694025/" target="_blank">Didriks</a>, <a href="https://creativecommons.org/licenses/by/2.0/" target="_blank">CC BY 2.0</a></li>
          <li>Broccoli: <a href="https://commons.wikimedia.org/wiki/File:Choux_01.jpg" target="_blank">Coyau</a>, <a href="https://creativecommons.org/licenses/by-sa/3.0/" target="_blank">CC BY-SA 3.0</a></li>
          <li>Tomatoes: <a href="https://commons.wikimedia.org/wiki/File:Fruit_or_vegetable%3F_(32257730023).jpg" target="_blank">Sheila Sund</a>, <a href="https://creativecommons.org/licenses/by/2.0/" target="_blank">CC BY 2.0</a></li>
          <li>Lamb Chops: <a href="https://www.flickr.com/photos/32296854@N00/25411689" target="_blank">Tim P</a>, <a href="https://creativecommons.org/licenses/by/2.0/" target="_blank">CC BY 2.0</a></li>
          <li>Corn: <a href="https://commons.wikimedia.org/wiki/File:Grilled_Corn_(Unsplash).jpg" target="_blank">Marius Dragne</a>, <a href="https://creativecommons.org/publicdomain/zero/1.0/deed.en" target="_blank">CC0 1.0</a></li>
          <li>Cake: <a href="https://unsplash.com/photos/6iqpLKqeaE0" target="_blank">Anthony Espinosa</a>, <a href="https://unsplash.com/license" target="_blank">Unsplash License</a></li>
          <li>Cheese: <a href="https://commons.wikimedia.org/wiki/File:Cantal_03.jpg" target="_blank">Coyau</a>, <a href="https://creativecommons.org/licenses/by-sa/3.0/" target="_blank">CC BY-SA 3.0</a></li>
          <li>Sushi: <a href="https://commons.wikimedia.org/wiki/File:Salmon_Sushi.jpg" target="_blank">Switchercat</a>, Public Domain</li>
          <li>Salad: <a href="https://unsplash.com/photos/IGfIGP5ONV0" target="_blank">Anna Pelzer</a>, <a href="https://unsplash.com/license" target="_blank">Unsplash License</a></li>
          <li>Peppers: <a href="https://commons.wikimedia.org/wiki/File:Capsicum_annuum_fruits_IMGP0122.jpg" target="_blank">Nikodem Nijaki</a>, <a href="https://creativecommons.org/licenses/by-sa/3.0/" target="_blank">CC BY-SA 3.0</a></li>
          <li>Chicken Legs: <a href="https://commons.wikimedia.org/wiki/File:6_cooked_chicken_legs.jpg" target="_blank">Mousa Alhaddad</a>, <a href="https://creativecommons.org/licenses/by-sa/4.0" target="_blank">CC BY-SA 4.0</a></li>
        </ul>
        <p>All pictures have been cropped</p>
      </div>
    </div>
  </itemBody>
  <responseProcessing template="http://www.imsglobal.org/question/qti_v2p2/rptemplates/map_response"/>
</assessmentItem>
