<?xml version="1.0" encoding="UTF-8"?>
<assessmentItem xmlns="http://www.imsglobal.org/xsd/imsqti_v2p2" xmlns:m="http://www.w3.org/1998/Math/MathML" xmlns:xsi="http://www.w3.org/2001/XMLSchema-instance" xsi:schemaLocation="http://www.imsglobal.org/xsd/imsqti_v2p2 http://www.imsglobal.org/xsd/qti/qtiv2p2/imsqti_v2p2.xsd" identifier="i15637986855928142" title="American states by population (Graphic Order Interaction)" label="American states by population (Graphic Order Interaction)" xml:lang="en-US" adaptive="false" timeDependent="false" toolName="TAO" toolVersion="3.4.0-sprint117">
  <responseDeclaration identifier="gr_order_us_population" cardinality="ordered" baseType="identifier">
    <correctResponse>
      <value><![CDATA[california]]></value>
      <value><![CDATA[texas]]></value>
      <value><![CDATA[florida]]></value>
      <value><![CDATA[newyork]]></value>
      <value><![CDATA[pennsylvania]]></value>
    </correctResponse>
  </responseDeclaration>
  <outcomeDeclaration identifier="SCORE" cardinality="single" baseType="float" normalMaximum="1"/>
  <outcomeDeclaration identifier="MAXSCORE" cardinality="single" baseType="float">
    <defaultValue>
      <value>1</value>
    </defaultValue>
  </outcomeDeclaration>
  <stylesheet href="style/custom/tao-user-styles.css" type="text/css" media="all" title=""/>
  <itemBody>
    <div class="grid-row">
      <div class="col-12">
        <h1>Graphic Order Interaction</h1>
        <h2>Most populated states in the United States</h2>
      </div>
    </div>
    <div class="grid-row">
      <div class="col-10">
        <graphicOrderInteraction responseIdentifier="gr_order_us_population" class="responsive">
          <prompt>
            <p>The data in this question are based on the population estimate from July 1, 2018</p>
            <p>The circles on the map below indicate the highest populated states in the US.</p>
            <p>Can you bring them in the right order <em>(1: highest, 5: lowest population)</em>?</p>
          </prompt>
          <object data="assets/map-us.png" type="image/png" width="795" height="492"/>
          <hotspotChoice identifier="california" fixed="false" shape="circle" coords="87,287,18"/>
          <hotspotChoice identifier="texas" fixed="false" shape="circle" coords="343,408,18"/>
          <hotspotChoice identifier="florida" fixed="false" shape="circle" coords="601,399,18"/>
          <hotspotChoice identifier="newyork" fixed="false" shape="circle" coords="650,124,18"/>
          <hotspotChoice identifier="pennsylvania" fixed="false" shape="circle" coords="618,188,18"/>
        </graphicOrderInteraction>
        <p>Map based on the work of <a href="https://commons.wikimedia.org/wiki/File:At-will_employment_-_public_policy_exceptions.svg" target="_blank">cburnett</a>, published under <a href="https://creativecommons.org/licenses/by-sa/3.0/" target="_blank">CC BY-SA 3.0</a>. We changed the colors and converted the format.</p>
      </div>
    </div>
  </itemBody>
  <responseProcessing>
    <responseCondition>
      <responseIf>
        <match>
          <variable identifier="gr_order_us_population"/>
          <correct identifier="gr_order_us_population"/>
        </match>
        <setOutcomeValue identifier="SCORE">
          <sum>
            <variable identifier="SCORE"/>
            <baseValue baseType="integer">1</baseValue>
          </sum>
        </setOutcomeValue>
      </responseIf>
    </responseCondition>
  </responseProcessing>
</assessmentItem>
