<?xml version="1.0"?>
<manifest xmlns="http://www.imsglobal.org/xsd/imscp_v1p1" xmlns:xsi="http://www.w3.org/2001/XMLSchema-instance" xsi:schemaLocation="http://www.imsglobal.org/xsd/imscp_v1p1 http://www.imsglobal.org/xsd/qti/qtiv2p2/qtiv2p2_imscpv1p2_v1p0.xsd http://ltsc.ieee.org/xsd/LOM http://www.imsglobal.org/xsd/imsmd_loose_v1p3p2.xsd http://ltsc.ieee.org/xsd/LOM http://www.imsglobal.org/xsd/imsmd_loose_v1p3p2.xsd http://ltsc.ieee.org/xsd/LOM http://www.imsglobal.org/xsd/imsmd_loose_v1p3p2.xsd http://ltsc.ieee.org/xsd/LOM http://www.imsglobal.org/xsd/imsmd_loose_v1p3p2.xsd http://ltsc.ieee.org/xsd/LOM http://www.imsglobal.org/xsd/imsmd_loose_v1p3p2.xsd http://ltsc.ieee.org/xsd/LOM http://www.imsglobal.org/xsd/imsmd_loose_v1p3p2.xsd http://ltsc.ieee.org/xsd/LOM http://www.imsglobal.org/xsd/imsmd_loose_v1p3p2.xsd http://ltsc.ieee.org/xsd/LOM http://www.imsglobal.org/xsd/imsmd_loose_v1p3p2.xsd http://ltsc.ieee.org/xsd/LOM http://www.imsglobal.org/xsd/imsmd_loose_v1p3p2.xsd http://ltsc.ieee.org/xsd/LOM http://www.imsglobal.org/xsd/imsmd_loose_v1p3p2.xsd http://ltsc.ieee.org/xsd/LOM http://www.imsglobal.org/xsd/imsmd_loose_v1p3p2.xsd http://ltsc.ieee.org/xsd/LOM http://www.imsglobal.org/xsd/imsmd_loose_v1p3p2.xsd http://ltsc.ieee.org/xsd/LOM http://www.imsglobal.org/xsd/imsmd_loose_v1p3p2.xsd http://ltsc.ieee.org/xsd/LOM http://www.imsglobal.org/xsd/imsmd_loose_v1p3p2.xsd http://ltsc.ieee.org/xsd/LOM http://www.imsglobal.org/xsd/imsmd_loose_v1p3p2.xsd http://ltsc.ieee.org/xsd/LOM http://www.imsglobal.org/xsd/imsmd_loose_v1p3p2.xsd http://ltsc.ieee.org/xsd/LOM http://www.imsglobal.org/xsd/imsmd_loose_v1p3p2.xsd http://ltsc.ieee.org/xsd/LOM http://www.imsglobal.org/xsd/imsmd_loose_v1p3p2.xsd" identifier="QTI-TEST-MANIFEST-tao5ede3bf0918001-88047233" xmlns:imsmd="http://ltsc.ieee.org/xsd/LOM">
    <metadata>
        <schema>QTIv2.2 Package</schema>
        <schemaversion>1.0.0</schemaversion>
    </metadata>
    <organizations/>
    <resources>
            <resource identifier="i158978214433322720" type="imsqti_item_xmlv2p2" href="items/i158978214433322720/qti.xml">
            <metadata><imsmd:lom><imsmd:classification><imsmd:taxonPath><imsmd:source><imsmd:string xml:lang="en-US">http://www.tao.lu/Ontologies/TAO.rdf#WorkflowState</imsmd:string></imsmd:source><imsmd:taxon><imsmd:entry><imsmd:string xml:lang="en-US">https://lutpr01sbp.eu.premium.taocloud.org/#i157952562450151</imsmd:string></imsmd:entry></imsmd:taxon></imsmd:taxonPath><imsmd:taxonPath><imsmd:source><imsmd:string xml:lang="en-US">http://www.w3.org/2000/01/rdf-schema#label</imsmd:string></imsmd:source><imsmd:taxon><imsmd:entry><imsmd:string xml:lang="en-US">Luxembourg's neighborhood (Choice Interaction)</imsmd:string></imsmd:entry></imsmd:taxon></imsmd:taxonPath></imsmd:classification></imsmd:lom></metadata><file href="items/i158978214433322720/qti.xml"/>
                        <file href="items/i158978214433322720/assets/eb495fa75d2ee93d5c3ec.jpg"/>
                    </resource><resource identifier="i158978214729032721" type="imsqti_item_xmlv2p2" href="items/i158978214729032721/qti.xml">
            <metadata><imsmd:lom><imsmd:classification><imsmd:taxonPath><imsmd:source><imsmd:string xml:lang="en-US">http://www.tao.lu/Ontologies/TAO.rdf#WorkflowState</imsmd:string></imsmd:source><imsmd:taxon><imsmd:entry><imsmd:string xml:lang="en-US">https://lutpr01sbp.eu.premium.taocloud.org/#i157952562450151</imsmd:string></imsmd:entry></imsmd:taxon></imsmd:taxonPath><imsmd:taxonPath><imsmd:source><imsmd:string xml:lang="en-US">http://www.w3.org/2000/01/rdf-schema#label</imsmd:string></imsmd:source><imsmd:taxon><imsmd:entry><imsmd:string xml:lang="en-US">Japanese Capitals (Order Interaction)</imsmd:string></imsmd:entry></imsmd:taxon></imsmd:taxonPath></imsmd:classification></imsmd:lom></metadata><file href="items/i158978214729032721/qti.xml"/>
                        <file href="items/i158978214729032721/assets/kyoto-golden-pavillon.jpg"/>
                        <file href="items/i158978214729032721/style/custom/tao-user-styles.css"/>
                    </resource><resource identifier="i158978214999472722" type="imsqti_item_xmlv2p2" href="items/i158978214999472722/qti.xml">
            <metadata><imsmd:lom><imsmd:classification><imsmd:taxonPath><imsmd:source><imsmd:string xml:lang="en-US">http://www.tao.lu/Ontologies/TAO.rdf#WorkflowState</imsmd:string></imsmd:source><imsmd:taxon><imsmd:entry><imsmd:string xml:lang="en-US">https://lutpr01sbp.eu.premium.taocloud.org/#i157952562450151</imsmd:string></imsmd:entry></imsmd:taxon></imsmd:taxonPath><imsmd:taxonPath><imsmd:source><imsmd:string xml:lang="en-US">http://www.w3.org/2000/01/rdf-schema#label</imsmd:string></imsmd:source><imsmd:taxon><imsmd:entry><imsmd:string xml:lang="en-US">Languages of Europe (Associate Interaction)</imsmd:string></imsmd:entry></imsmd:taxon></imsmd:taxonPath></imsmd:classification></imsmd:lom></metadata><file href="items/i158978214999472722/qti.xml"/>
                        <file href="items/i158978214999472722/assets/green-chameleon-s9CC2SKySJM-unsplash.jpg"/>
                        <file href="items/i158978214999472722/style/custom/tao-user-styles.css"/>
                    </resource><resource identifier="i158978215154352723" type="imsqti_item_xmlv2p2" href="items/i158978215154352723/qti.xml">
            <metadata><imsmd:lom><imsmd:classification><imsmd:taxonPath><imsmd:source><imsmd:string xml:lang="en-US">http://www.tao.lu/Ontologies/TAO.rdf#WorkflowState</imsmd:string></imsmd:source><imsmd:taxon><imsmd:entry><imsmd:string xml:lang="en-US">https://lutpr01sbp.eu.premium.taocloud.org/#i157952562450151</imsmd:string></imsmd:entry></imsmd:taxon></imsmd:taxonPath><imsmd:taxonPath><imsmd:source><imsmd:string xml:lang="en-US">http://www.w3.org/2000/01/rdf-schema#label</imsmd:string></imsmd:source><imsmd:taxon><imsmd:entry><imsmd:string xml:lang="en-US">Match countries and languages (Match Interaction)</imsmd:string></imsmd:entry></imsmd:taxon></imsmd:taxonPath></imsmd:classification></imsmd:lom></metadata><file href="items/i158978215154352723/qti.xml"/>
                        <file href="items/i158978215154352723/assets/1a7e84cd5d2ef3cb19be3.jpg"/>
                    </resource><resource identifier="i158978215392692724" type="imsqti_item_xmlv2p2" href="items/i158978215392692724/qti.xml">
            <metadata><imsmd:lom><imsmd:classification><imsmd:taxonPath><imsmd:source><imsmd:string xml:lang="en-US">http://www.tao.lu/Ontologies/TAO.rdf#WorkflowState</imsmd:string></imsmd:source><imsmd:taxon><imsmd:entry><imsmd:string xml:lang="en-US">https://lutpr01sbp.eu.premium.taocloud.org/#i157952562450151</imsmd:string></imsmd:entry></imsmd:taxon></imsmd:taxonPath><imsmd:taxonPath><imsmd:source><imsmd:string xml:lang="en-US">http://www.w3.org/2000/01/rdf-schema#label</imsmd:string></imsmd:source><imsmd:taxon><imsmd:entry><imsmd:string xml:lang="en-US">H.G. Wells: The time machine (Hottext Interaction)</imsmd:string></imsmd:entry></imsmd:taxon></imsmd:taxonPath></imsmd:classification></imsmd:lom></metadata><file href="items/i158978215392692724/qti.xml"/>
                        <file href="items/i158978215392692724/assets/H.G._Wells_by_Beresford.jpg"/>
                    </resource><resource identifier="i158978215693912725" type="imsqti_item_xmlv2p2" href="items/i158978215693912725/qti.xml">
            <metadata><imsmd:lom><imsmd:classification><imsmd:taxonPath><imsmd:source><imsmd:string xml:lang="en-US">http://www.tao.lu/Ontologies/TAO.rdf#WorkflowState</imsmd:string></imsmd:source><imsmd:taxon><imsmd:entry><imsmd:string xml:lang="en-US">https://lutpr01sbp.eu.premium.taocloud.org/#i157952562450151</imsmd:string></imsmd:entry></imsmd:taxon></imsmd:taxonPath><imsmd:taxonPath><imsmd:source><imsmd:string xml:lang="en-US">http://www.w3.org/2000/01/rdf-schema#label</imsmd:string></imsmd:source><imsmd:taxon><imsmd:entry><imsmd:string xml:lang="en-US">Baudelaire: &#xC0; une dame cr&#xE9;ole (Gap Match Interaction)</imsmd:string></imsmd:entry></imsmd:taxon></imsmd:taxonPath></imsmd:classification></imsmd:lom></metadata><file href="items/i158978215693912725/qti.xml"/>
                        <file href="items/i158978215693912725/assets/Charles_Baudelaire.jpg"/>
                    </resource><resource identifier="i158978215824462726" type="imsqti_item_xmlv2p2" href="items/i158978215824462726/qti.xml">
            <metadata><imsmd:lom><imsmd:classification><imsmd:taxonPath><imsmd:source><imsmd:string xml:lang="en-US">http://www.tao.lu/Ontologies/TAO.rdf#WorkflowState</imsmd:string></imsmd:source><imsmd:taxon><imsmd:entry><imsmd:string xml:lang="en-US">https://lutpr01sbp.eu.premium.taocloud.org/#i157952562450151</imsmd:string></imsmd:entry></imsmd:taxon></imsmd:taxonPath><imsmd:taxonPath><imsmd:source><imsmd:string xml:lang="en-US">http://www.w3.org/2000/01/rdf-schema#label</imsmd:string></imsmd:source><imsmd:taxon><imsmd:entry><imsmd:string xml:lang="en-US">Calculate a percentage (Slider Interaction)</imsmd:string></imsmd:entry></imsmd:taxon></imsmd:taxonPath></imsmd:classification></imsmd:lom></metadata><file href="items/i158978215824462726/qti.xml"/>
                        <file href="items/i158978215824462726/assets/boston-skyline-metropolis.jpg"/>
                    </resource><resource identifier="i158978216087202727" type="imsqti_item_xmlv2p2" href="items/i158978216087202727/qti.xml">
            <metadata><imsmd:lom><imsmd:classification><imsmd:taxonPath><imsmd:source><imsmd:string xml:lang="en-US">http://www.tao.lu/Ontologies/TAO.rdf#WorkflowState</imsmd:string></imsmd:source><imsmd:taxon><imsmd:entry><imsmd:string xml:lang="en-US">https://lutpr01sbp.eu.premium.taocloud.org/#i157952562450151</imsmd:string></imsmd:entry></imsmd:taxon></imsmd:taxonPath><imsmd:taxonPath><imsmd:source><imsmd:string xml:lang="en-US">http://www.w3.org/2000/01/rdf-schema#label</imsmd:string></imsmd:source><imsmd:taxon><imsmd:entry><imsmd:string xml:lang="en-US">Market square in Germany (Extended Text Interaction)</imsmd:string></imsmd:entry></imsmd:taxon></imsmd:taxonPath></imsmd:classification></imsmd:lom></metadata><file href="items/i158978216087202727/qti.xml"/>
                        <file href="items/i158978216087202727/assets/1024px-Saarbr&#xFC;cken_St_JohannerMarkt_pano.jpg"/>
                    </resource><resource identifier="i158978216585662729" type="imsqti_item_xmlv2p2" href="items/i158978216585662729/qti.xml">
            <metadata><imsmd:lom><imsmd:classification><imsmd:taxonPath><imsmd:source><imsmd:string xml:lang="en-US">http://www.tao.lu/Ontologies/TAO.rdf#WorkflowState</imsmd:string></imsmd:source><imsmd:taxon><imsmd:entry><imsmd:string xml:lang="en-US">https://lutpr01sbp.eu.premium.taocloud.org/#i157952562450151</imsmd:string></imsmd:entry></imsmd:taxon></imsmd:taxonPath><imsmd:taxonPath><imsmd:source><imsmd:string xml:lang="en-US">http://www.w3.org/2000/01/rdf-schema#label</imsmd:string></imsmd:source><imsmd:taxon><imsmd:entry><imsmd:string xml:lang="en-US">Spreadsheet formulas (File Upload Interaction)</imsmd:string></imsmd:entry></imsmd:taxon></imsmd:taxonPath></imsmd:classification></imsmd:lom></metadata><file href="items/i158978216585662729/qti.xml"/>
                        <file href="items/i158978216585662729/assets/sales-1.png"/>
                    </resource><resource identifier="i158978216356232728" type="imsqti_item_xmlv2p2" href="items/i158978216356232728/qti.xml">
            <metadata><imsmd:lom><imsmd:classification><imsmd:taxonPath><imsmd:source><imsmd:string xml:lang="en-US">http://www.tao.lu/Ontologies/TAO.rdf#WorkflowState</imsmd:string></imsmd:source><imsmd:taxon><imsmd:entry><imsmd:string xml:lang="en-US">https://lutpr01sbp.eu.premium.taocloud.org/#i157952562450151</imsmd:string></imsmd:entry></imsmd:taxon></imsmd:taxonPath><imsmd:taxonPath><imsmd:source><imsmd:string xml:lang="en-US">http://www.w3.org/2000/01/rdf-schema#label</imsmd:string></imsmd:source><imsmd:taxon><imsmd:entry><imsmd:string xml:lang="en-US">Guess the language (Media Interaction)</imsmd:string></imsmd:entry></imsmd:taxon></imsmd:taxonPath></imsmd:classification></imsmd:lom></metadata><file href="items/i158978216356232728/qti.xml"/>
                        <file href="items/i158978216356232728/assets/photo-1482442120256-9c03866de390.jpg"/>
                        <file href="items/i158978216356232728/assets/RadioValyna.mp3"/>
                    </resource><resource identifier="i158978216730582730" type="imsqti_item_xmlv2p2" href="items/i158978216730582730/qti.xml">
            <metadata><imsmd:lom><imsmd:classification><imsmd:taxonPath><imsmd:source><imsmd:string xml:lang="en-US">http://www.tao.lu/Ontologies/TAO.rdf#WorkflowState</imsmd:string></imsmd:source><imsmd:taxon><imsmd:entry><imsmd:string xml:lang="en-US">https://lutpr01sbp.eu.premium.taocloud.org/#i157952562450151</imsmd:string></imsmd:entry></imsmd:taxon></imsmd:taxonPath><imsmd:taxonPath><imsmd:source><imsmd:string xml:lang="en-US">http://www.w3.org/2000/01/rdf-schema#label</imsmd:string></imsmd:source><imsmd:taxon><imsmd:entry><imsmd:string xml:lang="en-US">Name these musicians (Inline Choice Interaction)</imsmd:string></imsmd:entry></imsmd:taxon></imsmd:taxonPath></imsmd:classification></imsmd:lom></metadata><file href="items/i158978216730582730/qti.xml"/>
                        <file href="items/i158978216730582730/assets/639px-The_Beatles_magical_mystery_tour_(cropped).jpg"/>
                    </resource><resource identifier="i159015496739443508" type="imsqti_item_xmlv2p2" href="items/i159015496739443508/qti.xml">
            <metadata><imsmd:lom><imsmd:classification><imsmd:taxonPath><imsmd:source><imsmd:string xml:lang="en-US">http://www.tao.lu/Ontologies/TAO.rdf#WorkflowState</imsmd:string></imsmd:source><imsmd:taxon><imsmd:entry><imsmd:string xml:lang="en-US">https://lutpr01sbp.eu.premium.taocloud.org/#i157952562450151</imsmd:string></imsmd:entry></imsmd:taxon></imsmd:taxonPath><imsmd:taxonPath><imsmd:source><imsmd:string xml:lang="en-US">http://www.w3.org/2000/01/rdf-schema#label</imsmd:string></imsmd:source><imsmd:taxon><imsmd:entry><imsmd:string xml:lang="en-US">The Netherlands (Text Entry Interaction)</imsmd:string></imsmd:entry></imsmd:taxon></imsmd:taxonPath></imsmd:classification></imsmd:lom></metadata><file href="items/i159015496739443508/qti.xml"/>
                        <file href="items/i159015496739443508/assets/1e67f6415de7a58b69316.jpg"/>
                    </resource><resource identifier="i158978218379362736" type="imsqti_item_xmlv2p2" href="items/i158978218379362736/qti.xml">
            <metadata><imsmd:lom><imsmd:classification><imsmd:taxonPath><imsmd:source><imsmd:string xml:lang="en-US">http://www.tao.lu/Ontologies/TAO.rdf#WorkflowState</imsmd:string></imsmd:source><imsmd:taxon><imsmd:entry><imsmd:string xml:lang="en-US">https://lutpr01sbp.eu.premium.taocloud.org/#i157952562450151</imsmd:string></imsmd:entry></imsmd:taxon></imsmd:taxonPath><imsmd:taxonPath><imsmd:source><imsmd:string xml:lang="en-US">http://www.w3.org/2000/01/rdf-schema#label</imsmd:string></imsmd:source><imsmd:taxon><imsmd:entry><imsmd:string xml:lang="en-US">Palace of Versailles (Hotspot Interaction)</imsmd:string></imsmd:entry></imsmd:taxon></imsmd:taxonPath></imsmd:classification></imsmd:lom></metadata><file href="items/i158978218379362736/qti.xml"/>
                        <file href="items/i158978218379362736/assets/anthony-choren-WU1RbgzDoAs-unsplash.jpg"/>
                        <file href="items/i158978218379362736/assets/map-france.png"/>
                        <file href="items/i158978218379362736/style/custom/tao-user-styles.css"/>
                    </resource><resource identifier="i158978217872734" type="imsqti_item_xmlv2p2" href="items/i158978217872734/qti.xml">
            <metadata><imsmd:lom><imsmd:classification><imsmd:taxonPath><imsmd:source><imsmd:string xml:lang="en-US">http://www.tao.lu/Ontologies/TAO.rdf#WorkflowState</imsmd:string></imsmd:source><imsmd:taxon><imsmd:entry><imsmd:string xml:lang="en-US">https://lutpr01sbp.eu.premium.taocloud.org/#i157952562450151</imsmd:string></imsmd:entry></imsmd:taxon></imsmd:taxonPath><imsmd:taxonPath><imsmd:source><imsmd:string xml:lang="en-US">http://www.w3.org/2000/01/rdf-schema#label</imsmd:string></imsmd:source><imsmd:taxon><imsmd:entry><imsmd:string xml:lang="en-US">American states by population (Graphic Order Interaction)</imsmd:string></imsmd:entry></imsmd:taxon></imsmd:taxonPath></imsmd:classification></imsmd:lom></metadata><file href="items/i158978217872734/qti.xml"/>
                        <file href="items/i158978217872734/assets/map-us.png"/>
                        <file href="items/i158978217872734/style/custom/tao-user-styles.css"/>
                    </resource><resource identifier="i159073607423143885" type="imsqti_item_xmlv2p2" href="items/i159073607423143885/qti.xml">
            <metadata><imsmd:lom><imsmd:classification><imsmd:taxonPath><imsmd:source><imsmd:string xml:lang="en-US">http://www.tao.lu/Ontologies/TAO.rdf#WorkflowState</imsmd:string></imsmd:source><imsmd:taxon><imsmd:entry><imsmd:string xml:lang="en-US">https://lutpr01sbp.eu.premium.taocloud.org/#i157952562450151</imsmd:string></imsmd:entry></imsmd:taxon></imsmd:taxonPath><imsmd:taxonPath><imsmd:source><imsmd:string xml:lang="en-US">http://www.w3.org/2000/01/rdf-schema#label</imsmd:string></imsmd:source><imsmd:taxon><imsmd:entry><imsmd:string xml:lang="en-US">Tool Associations (Graphic Associate Interaction)</imsmd:string></imsmd:entry></imsmd:taxon></imsmd:taxonPath></imsmd:classification></imsmd:lom></metadata><file href="items/i159073607423143885/qti.xml"/>
                        <file href="items/i159073607423143885/assets/joel-jasmin-forestbird-xzPMUMDDsfk-unsplash.jpg"/>
                        <file href="items/i159073607423143885/assets/tools-and-materials.jpg"/>
                    </resource><resource identifier="i158978217551722733" type="imsqti_item_xmlv2p2" href="items/i158978217551722733/qti.xml">
            <metadata><imsmd:lom><imsmd:classification><imsmd:taxonPath><imsmd:source><imsmd:string xml:lang="en-US">http://www.tao.lu/Ontologies/TAO.rdf#WorkflowState</imsmd:string></imsmd:source><imsmd:taxon><imsmd:entry><imsmd:string xml:lang="en-US">https://lutpr01sbp.eu.premium.taocloud.org/#i157952562450151</imsmd:string></imsmd:entry></imsmd:taxon></imsmd:taxonPath><imsmd:taxonPath><imsmd:source><imsmd:string xml:lang="en-US">http://www.w3.org/2000/01/rdf-schema#label</imsmd:string></imsmd:source><imsmd:taxon><imsmd:entry><imsmd:string xml:lang="en-US">Jessica is a vegetarian (Graphic Gap Match Interaction)</imsmd:string></imsmd:entry></imsmd:taxon></imsmd:taxonPath></imsmd:classification></imsmd:lom></metadata><file href="items/i158978217551722733/qti.xml"/>
                        <file href="items/i158978217551722733/assets/320px-Choux_01.png"/>
                        <file href="items/i158978217551722733/assets/320px-Fruit_or_vegetable-_(32257730023).png"/>
                        <file href="items/i158978217551722733/assets/25411689_dbda4cd8c0_q.jpg"/>
                        <file href="items/i158978217551722733/assets/377px-Grilled_Corn_(Unsplash).png"/>
                        <file href="items/i158978217551722733/assets/anthony-espinosa-6iqpLKqeaE0-unsplash.jpg"/>
                        <file href="items/i158978217551722733/assets/320px-Cantal_03.png"/>
                        <file href="items/i158978217551722733/assets/Salmon_Sushi.png"/>
                        <file href="items/i158978217551722733/assets/anna-pelzer-IGfIGP5ONV0-unsplash.jpg"/>
                        <file href="items/i158978217551722733/assets/300px-Capsicum_annuum_fruits_IMGP0122.png"/>
                        <file href="items/i158978217551722733/assets/6_cooked_chicken_legs.jpg"/>
                        <file href="items/i158978217551722733/assets/_11342694025_91f14d38b0_b.jpg"/>
                        <file href="items/i158978217551722733/assets/style.css"/>
                    </resource><resource identifier="i158978218074582735" type="imsqti_item_xmlv2p2" href="items/i158978218074582735/qti.xml">
            <metadata><imsmd:lom><imsmd:classification><imsmd:taxonPath><imsmd:source><imsmd:string xml:lang="en-US">http://www.tao.lu/Ontologies/TAO.rdf#WorkflowState</imsmd:string></imsmd:source><imsmd:taxon><imsmd:entry><imsmd:string xml:lang="en-US">https://lutpr01sbp.eu.premium.taocloud.org/#i157952562450151</imsmd:string></imsmd:entry></imsmd:taxon></imsmd:taxonPath><imsmd:taxonPath><imsmd:source><imsmd:string xml:lang="en-US">http://www.w3.org/2000/01/rdf-schema#label</imsmd:string></imsmd:source><imsmd:taxon><imsmd:entry><imsmd:string xml:lang="en-US">Eyjafjallaj&#xF6;kull Eruption 2010 (Select Point Interaction)</imsmd:string></imsmd:entry></imsmd:taxon></imsmd:taxonPath></imsmd:classification></imsmd:lom></metadata><file href="items/i158978218074582735/qti.xml"/>
                        <file href="items/i158978218074582735/assets/640px-Eyjafjallajokull_major_eruption_2_20100420.jpg"/>
                        <file href="items/i158978218074582735/assets/946px-Map_of_Iceland.png"/>
                    </resource><resource identifier="i158978213914662718" type="imsqti_test_xmlv2p2" href="tests/i158978213914662718/test.xml"><metadata><imsmd:lom><imsmd:classification><imsmd:taxonPath><imsmd:source><imsmd:string xml:lang="en-US">http://www.w3.org/2000/01/rdf-schema#label</imsmd:string></imsmd:source><imsmd:taxon><imsmd:entry><imsmd:string xml:lang="en-US">QTI Interactions</imsmd:string></imsmd:entry></imsmd:taxon></imsmd:taxonPath></imsmd:classification></imsmd:lom></metadata><file href="tests/i158978213914662718/test.xml"/><dependency identifierref="i158978214433322720"/><dependency identifierref="i158978214729032721"/><dependency identifierref="i158978214999472722"/><dependency identifierref="i158978215154352723"/><dependency identifierref="i158978215392692724"/><dependency identifierref="i158978215693912725"/><dependency identifierref="i158978215824462726"/><dependency identifierref="i158978216087202727"/><dependency identifierref="i158978216585662729"/><dependency identifierref="i158978216356232728"/><dependency identifierref="i158978216730582730"/><dependency identifierref="i159015496739443508"/><dependency identifierref="i158978218379362736"/><dependency identifierref="i158978217872734"/><dependency identifierref="i159073607423143885"/><dependency identifierref="i158978217551722733"/><dependency identifierref="i158978218074582735"/></resource></resources>
</manifest>
